{
  "WEIGHT_ALPHA": 0.06663171947002411,
  "WEIGHT_BETA": 0.016212543472647667,
  "WEIGHT_GAMMA": 0.9171557426452637,
  "raw_weights": [
    0.3384665250778198,
    0.08235422521829605,
    4.658840179443359
  ],
  "bias": 0.0,
  "loo_cv": {
    "linear": {
      "avg_mrr5": 0.9,
      "avg_recall5": 0.21970161073876246
    },
    "ffnn": {
      "avg_mrr5": 0.9,
      "avg_recall5": 0.21970161073876246
    },
    "fixed": {
      "avg_mrr5": 0.9,
      "avg_recall5": 0.21908241569232284
    }
  }
}