{
  "min": [
    0.0,
    0.0,
    -11.414921760559082
  ],
  "max": [
    0.8051184415817261,
    0.7888116836547852,
    5.872424125671387
  ]
}